<?xml version="1.0" encoding="UTF-8"?>
<GenRun Id="synth_1" LaunchPart="xc7a35tcpg236-1" LaunchTime="1730890792" LaunchIncrCheckpoint="$PSRCDIR/utils_1/imports/synth_1/cerdef.dcp">
  <File Type="PA-TCL" Name="cerdef.tcl"/>
  <File Type="RDS-PROPCONSTRS" Name="cerdef_drc_synth.rpt"/>
  <File Type="REPORTS-TCL" Name="cerdef_reports.tcl"/>
  <File Type="RDS-RDS" Name="cerdef.vds"/>
  <File Type="RDS-UTIL" Name="cerdef_utilization_synth.rpt"/>
  <File Type="RDS-UTIL-PB" Name="cerdef_utilization_synth.pb"/>
  <File Type="RDS-DCP" Name="cerdef.dcp"/>
  <File Type="VDS-TIMINGSUMMARY" Name="cerdef_timing_summary_synth.rpt"/>
  <File Type="VDS-TIMING-PB" Name="cerdef_timing_summary_synth.pb"/>
  <FileSet Name="sources" Type="DesignSrcs" RelSrcDir="$PSRCDIR/sources_1" RelGenDir="$PGENDIR/sources_1">
    <Filter Type="Srcs"/>
    <File Path="$PSRCDIR/sources_1/imports/Downloads/cerrojo.vhd">
      <FileInfo>
        <Attr Name="ImportPath" Val="$PPRDIR/../prctica2/prctica2.srcs/sources_1/imports/Downloads/cerrojo.vhd"/>
        <Attr Name="ImportTime" Val="1730657074"/>
        <Attr Name="UsedIn" Val="synthesis"/>
        <Attr Name="UsedIn" Val="simulation"/>
      </FileInfo>
    </File>
    <File Path="$PSRCDIR/sources_1/new/comparador.vhd">
      <FileInfo>
        <Attr Name="UsedIn" Val="synthesis"/>
        <Attr Name="UsedIn" Val="simulation"/>
      </FileInfo>
    </File>
    <File Path="$PSRCDIR/sources_1/imports/Downloads/conv_7seg.vhd">
      <FileInfo>
        <Attr Name="ImportPath" Val="$PPRDIR/../prctica2/prctica2.srcs/sources_1/imports/Downloads/conv_7seg.vhd"/>
        <Attr Name="ImportTime" Val="1730655197"/>
        <Attr Name="UsedIn" Val="synthesis"/>
        <Attr Name="UsedIn" Val="simulation"/>
      </FileInfo>
    </File>
    <File Path="$PSRCDIR/sources_1/imports/Downloads/debouncer.vhd">
      <FileInfo>
        <Attr Name="ImportPath" Val="$PPRDIR/../prctica2/prctica2.srcs/sources_1/imports/Downloads/debouncer.vhd"/>
        <Attr Name="ImportTime" Val="1730655216"/>
        <Attr Name="UsedIn" Val="synthesis"/>
        <Attr Name="UsedIn" Val="simulation"/>
      </FileInfo>
    </File>
    <File Path="$PSRCDIR/sources_1/imports/Downloads/registro_rst_sync.vhd">
      <FileInfo>
        <Attr Name="ImportPath" Val="$PPRDIR/../prctica2/prctica2.srcs/sources_1/imports/Downloads/registro_rst_sync.vhd"/>
        <Attr Name="ImportTime" Val="1730650623"/>
        <Attr Name="UsedIn" Val="synthesis"/>
        <Attr Name="UsedIn" Val="simulation"/>
      </FileInfo>
    </File>
    <File Path="$PSRCDIR/sources_1/imports/Downloads/cerdef.vhd">
      <FileInfo>
        <Attr Name="ImportPath" Val="$PPRDIR/../prctica2/prctica2.srcs/sources_1/imports/Downloads/cerdef.vhd"/>
        <Attr Name="ImportTime" Val="1730657074"/>
        <Attr Name="UsedIn" Val="synthesis"/>
        <Attr Name="UsedIn" Val="simulation"/>
      </FileInfo>
    </File>
    <Config>
      <Option Name="DesignMode" Val="RTL"/>
      <Option Name="TopModule" Val="cerdef"/>
      <Option Name="TopAutoSet" Val="TRUE"/>
    </Config>
  </FileSet>
  <FileSet Name="constrs_in" Type="Constrs" RelSrcDir="$PSRCDIR/constrs_1" RelGenDir="$PGENDIR/constrs_1">
    <Filter Type="Constrs"/>
    <File Path="$PSRCDIR/constrs_1/imports/Downloads/basys3.xdc">
      <FileInfo>
        <Attr Name="ImportPath" Val="$PPRDIR/../prctica2/prctica2.srcs/constrs_1/imports/Downloads/basys3.xdc"/>
        <Attr Name="ImportTime" Val="1730651629"/>
        <Attr Name="UsedIn" Val="synthesis"/>
        <Attr Name="UsedIn" Val="implementation"/>
      </FileInfo>
    </File>
    <Config>
      <Option Name="ConstrsType" Val="XDC"/>
    </Config>
  </FileSet>
  <FileSet Name="utils" Type="Utils" RelSrcDir="$PSRCDIR/utils_1" RelGenDir="$PGENDIR/utils_1">
    <Filter Type="Utils"/>
    <File Path="$PSRCDIR/utils_1/imports/synth_1/cerdef.dcp">
      <FileInfo>
        <Attr Name="UsedIn" Val="synthesis"/>
        <Attr Name="UsedIn" Val="implementation"/>
        <Attr Name="UsedInSteps" Val="synth_1"/>
        <Attr Name="AutoDcp" Val="1"/>
      </FileInfo>
    </File>
    <Config>
      <Option Name="TopAutoSet" Val="TRUE"/>
    </Config>
  </FileSet>
  <Strategy Version="1" Minor="2">
    <StratHandle Name="Vivado Synthesis Defaults" Flow="Vivado Synthesis 2023"/>
    <Step Id="synth_design"/>
  </Strategy>
</GenRun>
