<?xml version="1.0" encoding="UTF-8"?>
<GenRun Id="impl_1" LaunchPart="xc7a35tcpg236-1" LaunchTime="1730723904">
  <File Type="ROUTE-PWR" Name="cerdef_power_routed.rpt"/>
  <File Type="PA-TCL" Name="cerdef.tcl"/>
  <File Type="ROUTE-PWR-SUM" Name="cerdef_power_summary_routed.pb"/>
  <File Type="REPORTS-TCL" Name="cerdef_reports.tcl"/>
  <File Type="OPT-RQA-PB" Name="cerdef_rqa_opted.pb"/>
  <File Type="BITSTR-MMI" Name="cerdef.mmi"/>
  <File Type="OPT-METHODOLOGY-DRC" Name="cerdef_methodology_drc_opted.rpt"/>
  <File Type="INIT-TIMING" Name="cerdef_timing_summary_init.rpt"/>
  <File Type="OPT-TIMING" Name="cerdef_timing_summary_opted.rpt"/>
  <File Type="OPT-DCP" Name="cerdef_opt.dcp"/>
  <File Type="OPT-DRC" Name="cerdef_drc_opted.rpt"/>
  <File Type="OPT-HWDEF" Name="cerdef.hwdef"/>
  <File Type="PWROPT-DCP" Name="cerdef_pwropt.dcp"/>
  <File Type="PWROPT-DRC" Name="cerdef_drc_pwropted.rpt"/>
  <File Type="PWROPT-TIMING" Name="cerdef_timing_summary_pwropted.rpt"/>
  <File Type="PLACE-DCP" Name="cerdef_placed.dcp"/>
  <File Type="PLACE-IO" Name="cerdef_io_placed.rpt"/>
  <File Type="PLACE-CLK" Name="cerdef_clock_utilization_placed.rpt"/>
  <File Type="PLACE-UTIL" Name="cerdef_utilization_placed.rpt"/>
  <File Type="PLACE-UTIL-PB" Name="cerdef_utilization_placed.pb"/>
  <File Type="PLACE-CTRL" Name="cerdef_control_sets_placed.rpt"/>
  <File Type="PLACE-SIMILARITY" Name="cerdef_incremental_reuse_placed.rpt"/>
  <File Type="PLACE-PRE-SIMILARITY" Name="cerdef_incremental_reuse_pre_placed.rpt"/>
  <File Type="BG-BIN" Name="cerdef.bin"/>
  <File Type="PLACE-TIMING" Name="cerdef_timing_summary_placed.rpt"/>
  <File Type="ROUTE-PWR-RPX" Name="cerdef_power_routed.rpx"/>
  <File Type="PLACE-RQA-PB" Name="cerdef_rqa_placed.pb"/>
  <File Type="POSTPLACE-PWROPT-DCP" Name="cerdef_postplace_pwropt.dcp"/>
  <File Type="BITSTR-MSK" Name="cerdef.msk"/>
  <File Type="POSTPLACE-PWROPT-TIMING" Name="cerdef_timing_summary_postplace_pwropted.rpt"/>
  <File Type="PHYSOPT-DCP" Name="cerdef_physopt.dcp"/>
  <File Type="PHYSOPT-DRC" Name="cerdef_drc_physopted.rpt"/>
  <File Type="BITSTR-RBT" Name="cerdef.rbt"/>
  <File Type="PHYSOPT-TIMING" Name="cerdef_timing_summary_physopted.rpt"/>
  <File Type="ROUTE-ERROR-DCP" Name="cerdef_routed_error.dcp"/>
  <File Type="ROUTE-DCP" Name="cerdef_routed.dcp"/>
  <File Type="ROUTE-BLACKBOX-DCP" Name="cerdef_routed_bb.dcp"/>
  <File Type="ROUTE-DRC" Name="cerdef_drc_routed.rpt"/>
  <File Type="ROUTE-DRC-PB" Name="cerdef_drc_routed.pb"/>
  <File Type="ROUTE-DRC-RPX" Name="cerdef_drc_routed.rpx"/>
  <File Type="ROUTE-METHODOLOGY-DRC" Name="cerdef_methodology_drc_routed.rpt"/>
  <File Type="ROUTE-METHODOLOGY-DRC-RPX" Name="cerdef_methodology_drc_routed.rpx"/>
  <File Type="ROUTE-METHODOLOGY-DRC-PB" Name="cerdef_methodology_drc_routed.pb"/>
  <File Type="ROUTE-RQS-PB" Name="cerdef_rqs_routed.pb"/>
  <File Type="ROUTE-STATUS" Name="cerdef_route_status.rpt"/>
  <File Type="ROUTE-STATUS-PB" Name="cerdef_route_status.pb"/>
  <File Type="ROUTE-TIMINGSUMMARY" Name="cerdef_timing_summary_routed.rpt"/>
  <File Type="ROUTE-TIMING-PB" Name="cerdef_timing_summary_routed.pb"/>
  <File Type="ROUTE-TIMING-RPX" Name="cerdef_timing_summary_routed.rpx"/>
  <File Type="ROUTE-SIMILARITY" Name="cerdef_incremental_reuse_routed.rpt"/>
  <File Type="ROUTE-CLK" Name="cerdef_clock_utilization_routed.rpt"/>
  <File Type="ROUTE-BUS-SKEW" Name="cerdef_bus_skew_routed.rpt"/>
  <File Type="ROUTE-BUS-SKEW-PB" Name="cerdef_bus_skew_routed.pb"/>
  <File Type="ROUTE-BUS-SKEW-RPX" Name="cerdef_bus_skew_routed.rpx"/>
  <File Type="POSTROUTE-PHYSOPT-DCP" Name="cerdef_postroute_physopt.dcp"/>
  <File Type="POSTROUTE-PHYSOPT-BLACKBOX-DCP" Name="cerdef_postroute_physopt_bb.dcp"/>
  <File Type="POSTROUTE-PHYSOPT-TIMING" Name="cerdef_timing_summary_postroute_physopted.rpt"/>
  <File Type="POSTROUTE-PHYSOPT-TIMING-PB" Name="cerdef_timing_summary_postroute_physopted.pb"/>
  <File Type="POSTROUTE-PHYSOPT-TIMING-RPX" Name="cerdef_timing_summary_postroute_physopted.rpx"/>
  <File Type="POSTROUTE-PHYSOPT-BUS-SKEW" Name="cerdef_bus_skew_postroute_physopted.rpt"/>
  <File Type="BG-BIT" Name="cerdef.bit"/>
  <File Type="POSTROUTE-PHYSOPT-BUS-SKEW-PB" Name="cerdef_bus_skew_postroute_physopted.pb"/>
  <File Type="POSTROUTE-PHYSOPT-BUS-SKEW-RPX" Name="cerdef_bus_skew_postroute_physopted.rpx"/>
  <File Type="BITSTR-NKY" Name="cerdef.nky"/>
  <File Type="BITSTR-BMM" Name="cerdef_bd.bmm"/>
  <File Type="PDI-FILE" Name="cerdef.pdi"/>
  <File Type="BOOT-PDI-FILE" Name="cerdef_soc.pdi"/>
  <File Type="PL-PDI-FILE" Name="cerdef_pld.pdi"/>
  <File Type="RCFI_FILE" Name="cerdef.rcfi"/>
  <File Type="CFI_FILE" Name="cerdef.cfi"/>
  <File Type="RNPI_FILE" Name="cerdef.rnpi"/>
  <File Type="NPI_FILE" Name="cerdef.npi"/>
  <File Type="RBD_FILE" Name="cerdef.rbd"/>
  <File Type="BITSTR-LTX" Name="debug_nets.ltx"/>
  <File Type="BITSTR-LTX" Name="cerdef.ltx"/>
  <File Type="BITSTR-SYSDEF" Name="cerdef.sysdef"/>
  <File Type="BG-BGN" Name="cerdef.bgn"/>
  <File Type="BG-DRC" Name="cerdef.drc"/>
  <File Type="RDI-RDI" Name="cerdef.vdi"/>
  <File Type="WBT-USG" Name="usage_statistics_webtalk.html"/>
  <File Type="ROUTE-RQS" Name="cerdef_routed.rqs"/>
  <File Type="POSTROUTE-PHYSOPT-RQS" Name="cerdef_postroute_physopted.rqs"/>
  <File Type="ROUTE-RQS-RPT" Name="route_report_qor_suggestions_0.rpt"/>
  <File Type="POSTROUTE-PHYSOPT-RQS-RPT" Name="postroute_physopt_report_qor_suggestions_0.rpt"/>
  <FileSet Name="sources" Type="DesignSrcs" RelSrcDir="$PSRCDIR/sources_1" RelGenDir="$PGENDIR/sources_1">
    <Filter Type="Srcs"/>
    <File Path="$PSRCDIR/sources_1/imports/Downloads/cerrojo.vhd">
      <FileInfo>
        <Attr Name="ImportPath" Val="$PPRDIR/../prctica2/prctica2.srcs/sources_1/imports/Downloads/cerrojo.vhd"/>
        <Attr Name="ImportTime" Val="1730657074"/>
        <Attr Name="UsedIn" Val="synthesis"/>
        <Attr Name="UsedIn" Val="simulation"/>
      </FileInfo>
    </File>
    <File Path="$PSRCDIR/sources_1/imports/Downloads/conv_7seg.vhd">
      <FileInfo>
        <Attr Name="ImportPath" Val="$PPRDIR/../prctica2/prctica2.srcs/sources_1/imports/Downloads/conv_7seg.vhd"/>
        <Attr Name="ImportTime" Val="1730655197"/>
        <Attr Name="UsedIn" Val="synthesis"/>
        <Attr Name="UsedIn" Val="simulation"/>
      </FileInfo>
    </File>
    <File Path="$PSRCDIR/sources_1/imports/Downloads/debouncer.vhd">
      <FileInfo>
        <Attr Name="ImportPath" Val="$PPRDIR/../prctica2/prctica2.srcs/sources_1/imports/Downloads/debouncer.vhd"/>
        <Attr Name="ImportTime" Val="1730655216"/>
        <Attr Name="UsedIn" Val="synthesis"/>
        <Attr Name="UsedIn" Val="simulation"/>
      </FileInfo>
    </File>
    <File Path="$PSRCDIR/sources_1/imports/Downloads/registro_rst_sync.vhd">
      <FileInfo>
        <Attr Name="ImportPath" Val="$PPRDIR/../prctica2/prctica2.srcs/sources_1/imports/Downloads/registro_rst_sync.vhd"/>
        <Attr Name="ImportTime" Val="1730650623"/>
        <Attr Name="UsedIn" Val="synthesis"/>
        <Attr Name="UsedIn" Val="simulation"/>
      </FileInfo>
    </File>
    <File Path="$PSRCDIR/sources_1/imports/Downloads/cerdef.vhd">
      <FileInfo>
        <Attr Name="ImportPath" Val="$PPRDIR/../prctica2/prctica2.srcs/sources_1/imports/Downloads/cerdef.vhd"/>
        <Attr Name="ImportTime" Val="1730657074"/>
        <Attr Name="UsedIn" Val="synthesis"/>
        <Attr Name="UsedIn" Val="simulation"/>
      </FileInfo>
    </File>
    <File Path="$PSRCDIR/sources_1/imports/Downloads/clk.vhd">
      <FileInfo>
        <Attr Name="AutoDisabled" Val="1"/>
        <Attr Name="ImportPath" Val="$PPRDIR/../clk.vhd"/>
        <Attr Name="ImportTime" Val="1730721183"/>
        <Attr Name="UsedIn" Val="synthesis"/>
        <Attr Name="UsedIn" Val="simulation"/>
      </FileInfo>
    </File>
    <Config>
      <Option Name="DesignMode" Val="RTL"/>
      <Option Name="TopModule" Val="cerdef"/>
      <Option Name="TopAutoSet" Val="TRUE"/>
    </Config>
  </FileSet>
  <FileSet Name="constrs_in" Type="Constrs" RelSrcDir="$PSRCDIR/constrs_1" RelGenDir="$PGENDIR/constrs_1">
    <Filter Type="Constrs"/>
    <File Path="$PSRCDIR/constrs_1/imports/Downloads/basys3.xdc">
      <FileInfo>
        <Attr Name="ImportPath" Val="$PPRDIR/../prctica2/prctica2.srcs/constrs_1/imports/Downloads/basys3.xdc"/>
        <Attr Name="ImportTime" Val="1730651629"/>
        <Attr Name="UsedIn" Val="synthesis"/>
        <Attr Name="UsedIn" Val="implementation"/>
      </FileInfo>
    </File>
    <Config>
      <Option Name="ConstrsType" Val="XDC"/>
    </Config>
  </FileSet>
  <FileSet Name="utils" Type="Utils" RelSrcDir="$PSRCDIR/utils_1" RelGenDir="$PGENDIR/utils_1">
    <Filter Type="Utils"/>
    <File Path="$PSRCDIR/utils_1/imports/synth_1/cerdef.dcp">
      <FileInfo>
        <Attr Name="UsedIn" Val="synthesis"/>
        <Attr Name="UsedIn" Val="implementation"/>
        <Attr Name="UsedInSteps" Val="synth_1"/>
        <Attr Name="AutoDcp" Val="1"/>
      </FileInfo>
    </File>
    <Config>
      <Option Name="TopAutoSet" Val="TRUE"/>
    </Config>
  </FileSet>
  <Strategy Version="1" Minor="2">
    <StratHandle Name="Vivado Implementation Defaults" Flow="Vivado Implementation 2023"/>
    <Step Id="init_design"/>
    <Step Id="opt_design"/>
    <Step Id="power_opt_design"/>
    <Step Id="place_design"/>
    <Step Id="post_place_power_opt_design"/>
    <Step Id="phys_opt_design"/>
    <Step Id="route_design"/>
    <Step Id="post_route_phys_opt_design"/>
    <Step Id="write_bitstream"/>
  </Strategy>
</GenRun>
